{
  "filename": "Factura de clientes_240073046_20250331_155956 copia.pdf",
  "doc_type": "general",
  "original": {
    "time": 4.640457391738892,
    "chars": 1270,
    "words": 217,
    "numbers": 93,
    "product_codes": 33,
    "output_path": "/home/espasiko/mainmanusodoo/manusodoo-roto/resultados_ocr/Factura de clientes_240073046_20250331_155956 copia/original_ocr.txt"
  },
  "improved": {
    "time": 12.277609825134277,
    "chars": 1172,
    "words": 206,
    "numbers": 96,
    "product_codes": 33,
    "output_path": "/home/espasiko/mainmanusodoo/manusodoo-roto/resultados_ocr/Factura de clientes_240073046_20250331_155956 copia/improved_ocr.txt"
  },
  "comparison": {
    "similarity": 0.44144144144144143,
    "char_diff": -98,
    "char_diff_percent": -7.716535433070866,
    "time_diff_percent": 164.5775790763927
  }
}